<?xml version="1.0" encoding="UTF-8"?><TaskList Version="2.0"><Task ConnectorKind="local" RepositoryUrl="local" TaskId="1" Handle="local-1" Label="erreur si mot grossier" Priority="P3" Kind="task" IssueURL="" Notes="" Estimated="0" EndDate="" CreationDate="2017-02-21 09:49:39.56 +0100" ModificationDate="" DueDate="" Owner="local" Active="false" ScheduledStartDate="2017-02-20 00:00:00.0 +0100" ScheduledEndDate="2017-02-26 23:59:59.999 +0100" Reminded="false" MarkReadPending="false" NotifiedIncoming="true" offlineSyncState="SYNCHRONIZED"/><Task ConnectorKind="local" RepositoryUrl="local" TaskId="5" Handle="local-5" Label="BDD" Priority="P3" Kind="task" IssueURL="" Notes="" Estimated="0" EndDate="" CreationDate="2017-02-21 09:55:00.805 +0100" ModificationDate="" DueDate="" Owner="local" Active="false" ScheduledStartDate="2017-02-20 00:00:00.0 +0100" ScheduledEndDate="2017-02-26 23:59:59.999 +0100" Reminded="false" MarkReadPending="false" NotifiedIncoming="true" offlineSyncState="SYNCHRONIZED"/><Task ConnectorKind="local" RepositoryUrl="local" TaskId="4" Handle="local-4" Label="redirection si nom nom non reconnu" Priority="P3" Kind="task" IssueURL="" Notes="" Estimated="0" EndDate="" CreationDate="2017-02-21 09:52:51.237 +0100" ModificationDate="" DueDate="" Owner="local" Active="false" ScheduledStartDate="2017-02-20 00:00:00.0 +0100" ScheduledEndDate="2017-02-26 23:59:59.999 +0100" Reminded="false" MarkReadPending="false" NotifiedIncoming="true" offlineSyncState="SYNCHRONIZED"/><Task ConnectorKind="local" RepositoryUrl="local" TaskId="6" Handle="local-6" Label="T1 choisir chatroom" Priority="P3" Kind="task" IssueURL="" Notes="" Estimated="0" EndDate="" CreationDate="2017-02-21 10:10:45.413 +0100" ModificationDate="" DueDate="" Owner="local" Active="false" ScheduledStartDate="2017-02-20 00:00:00.0 +0100" ScheduledEndDate="2017-02-26 23:59:59.999 +0100" Reminded="false" MarkReadPending="false" NotifiedIncoming="true" offlineSyncState="SYNCHRONIZED"/><TaskCategory Handle="Uncategorized" Name="Uncategorized"><TaskReference Handle="local-1"/><TaskReference Handle="local-5"/><TaskReference Handle="local-4"/><TaskReference Handle="local-6"/></TaskCategory></TaskList>